Date,Revenue,Expenses,Profit
2023-01-01,134735.03784576946,87454.01188473625,93724.85563989724
2023-01-02,190900.2587872854,145071.4306409916,151889.15130354135
2023-01-03,192403.04829183003,123199.39418114051,138875.234893154
2023-01-04,177010.48753523195,109865.84841970366,149208.9496650816
2023-01-05,109598.60502498626,65601.86404424364,88503.28154933405
2023-01-06,120014.79256152285,65599.45203362027,81436.31905456897
2023-01-07,100390.98491620799,55808.36121681995,77220.69716246777
2023-01-08,214110.023450809,136617.6145774935,163766.4547047414
2023-01-09,163763.93753230837,110111.50117432087,134202.8951300385
2023-01-10,147991.66799908702,120807.25777960455,131797.83885950106
2023-01-11,86680.03852702209,52058.44942958024,50592.306125160234
2023-01-12,224640.23156756136,146990.98521619942,180862.44604552328
2023-01-13,205297.97286397076,133244.2640800422,162637.05033551023
2023-01-14,81315.89508533524,71233.91106782762,71766.11683277285
2023-01-15,80652.61427289987,68182.49672071007,66654.0577006968
2023-01-16,123573.73354467316,68340.45098534338,91339.29351835034
2023-01-17,119845.23336679756,80424.22429595377,92685.64733677187
2023-01-18,167343.47869228816,102475.64316322378,125914.52438579564
2023-01-19,140358.12031892658,93194.50186421158,123046.56764112726
2023-01-20,119279.49381962119,79122.91401980419,95636.71154241638
2023-01-21,185543.6103278769,111185.28947223796,167446.7951198316
2023-01-22,85603.1845334588,63949.386065204184,67875.93948862083
2023-01-23,120744.11281910239,79214.46485352181,89511.22258617729
2023-01-24,120708.7707199529,86636.18432936916,81429.87264983405
2023-01-25,134720.57308390908,95606.9984217036,89745.06170456782
2023-01-26,186592.95173957924,128517.59613930136,133433.0019616085
2023-01-27,109393.74275642823,69967.37821583598,90186.26071525742
2023-01-28,142560.19332877218,101423.44384136115,119135.40489531709
2023-01-29,188977.3078407768,109241.45688620425,135369.93925230013
2023-01-30,64075.415863609574,54645.04127199977,60210.71583164882
2023-01-31,162394.2949019886,110754.48519014384,125084.82540475648
2023-02-01,91783.99738761023,67052.41236872916,74895.12802994368
2023-02-02,113697.29663486658,56505.15929852795,107080.0435904475
2023-02-03,221263.9261182315,144888.55372533333,185979.53405324052
2023-02-04,240481.6957505566,146563.20330745593,189700.05012138697
2023-02-05,166548.39475672971,130839.7348116461,124326.7935512309
2023-02-06,126033.07069339078,80461.37691733707,79308.30254141957
2023-02-07,107443.43301342631,59767.211400638385,78763.21321831686
2023-02-08,179280.63376233203,118423.3026512157,141313.2046215887
2023-02-09,162332.48156224724,94015.24937396013,119994.18997828595
2023-02-10,82959.96622470938,62203.82348447788,65055.40330884446
2023-02-11,177463.48532040213,99517.69101112703,142739.3070859094
2023-02-12,126136.24063966775,53438.85211152184,98660.43269365342
2023-02-13,204141.28910302414,140932.04020787822,156813.00547418476
2023-02-14,104906.94681198709,75877.99816000169,85612.10416925696
2023-02-15,203446.03219545132,116252.2284353982,167176.23225205517
2023-02-16,153348.1043280259,81171.10760894109,111774.49268799226
2023-02-17,142553.00263360626,102006.80211778107,128151.72590434771
2023-02-18,148602.8055595748,104671.02793432795,117896.36312481723
2023-02-19,97092.4761516189,68485.4455525527,77862.4771507436
2023-02-20,193548.68394399824,146958.46277645585,161921.09138776417
2023-02-21,172896.8845744832,127513.28233611146,140649.6689722216
2023-02-22,195842.02589958702,143949.89415641892,166204.98705880207
2023-02-23,193868.15126206473,139482.73504276486,157965.76266167004
2023-02-24,163991.29907392713,109789.99788110852,125068.66551273734
2023-02-25,217965.42990419795,142187.4235023117,177987.37917541937
2023-02-26,119283.88516406946,58849.25020519195,83989.84605804896
2023-02-27,84430.34854809596,69598.28624191452,68629.87589624201
2023-02-28,101470.54130611237,54522.728891053805,80844.1331384453
2023-03-01,119519.77272997948,82533.03307632644,93534.6496112582
2023-03-02,132312.31926037365,88867.7289689482,104564.48029390963
2023-03-03,129198.74460941645,77134.90317738958,84540.50523255678
2023-03-04,176856.18594154343,132873.75091519294,135997.69967582513
2023-03-05,136161.1939277194,85675.33266935893,109857.40415358669
2023-03-06,120469.22061736825,78093.45096873808,97973.94041386862
2023-03-07,166253.43775390025,104269.60831582485,122725.99879386062
2023-03-08,101922.00662437076,64092.42249747626,94194.68370814362
2023-03-09,244435.54991132382,130219.69807540397,186886.69144691405
2023-03-10,73427.7968669393,57455.06436797708,68436.80949881881
2023-03-11,212413.10139004127,148688.69366005174,174202.42473074986
2023-03-12,178373.90486600331,127224.47692966575,136236.85079436464
2023-03-13,93697.80984692076,69871.56815341723,92711.35680363173
2023-03-14,63080.575022410005,50552.21171236024,38528.091700363206
2023-03-15,221099.54489037616,131546.1428454834,186071.17764840095
2023-03-16,209438.68653693967,120685.73438476172,177556.77240998152
2023-03-17,172936.14933115855,122900.71680409873,131642.7173741604
2023-03-18,174043.44054080726,127127.03466859457,153159.40543328912
2023-03-19,95535.00888784164,57404.46517340904,73927.5419642838
2023-03-20,117725.39839602148,85846.57285442727,97067.25500961575
2023-03-21,105038.99528387966,61586.90595251297,86634.41461481593
2023-03-22,208523.97429836504,136310.34258755937,165476.09202398657
2023-03-23,138179.83672418905,112329.81268275579,118651.95211094907
2023-03-24,155584.80775449862,83089.80248526493,132402.73340912102
2023-03-25,120451.30600481399,56355.83502860236,78875.72507146938
2023-03-26,109391.57444766161,81098.23217156623,100556.66198691083
2023-03-27,116023.46710529238,82518.3322026747,76193.85380387717
2023-03-28,190158.2345652077,122960.6178338064,162452.04969558274
2023-03-29,177322.75650302248,113755.74713552132,153125.25657069383
2023-03-30,221252.7968399056,138721.27425763267,166092.57316977254
2023-03-31,186036.3295496194,97221.49251619494,144720.9207601497
2023-04-01,89400.19234086426,61959.42459383017,60463.10718783206
2023-04-02,166020.77319268018,121324.47872229951,130667.40825125678
2023-04-03,161531.37273224405,126078.50486168974,126144.75534393782
2023-04-04,144572.97883658603,106127.71975694962,123454.98839196224
2023-04-05,189982.53753570822,127096.7179954561,165089.11748976266
2023-04-06,184960.49672501438,99379.55963643908,161925.23548791106
2023-04-07,143057.6984265757,102273.28293819941,108824.47847547753
2023-04-08,143606.91178656043,92754.10183585496,112793.31069180308
2023-04-09,78484.41109015924,52541.91267440952,45953.14694991789
2023-04-10,114951.57951795735,60789.14269933045,83902.562949404
2023-04-11,130253.02637048258,53142.91856867343,113850.93742736065
2023-04-12,159844.18623116065,113641.04112637804,144031.17722041084
2023-04-13,112364.60831108456,81435.59810763267,77548.19793006845
2023-04-14,172168.82121608686,100857.06911647029,131810.41438134055
2023-04-15,224772.8008814402,140756.6473926093,179554.1831355629
2023-04-16,149327.9808870519,74929.22291488749,122263.9962978376
2023-04-17,148236.00216186375,91038.29230356298,110492.76653027454
2023-04-18,181146.82896571612,125555.11385430487,149158.07361721378
2023-04-19,121132.82143758955,72879.81654916225,92167.86367936249
2023-04-20,108721.0580859771,57697.9909828793,86832.3237599989
2023-04-21,134872.36156101248,78975.1452913768,113360.731728847
2023-04-22,109328.67371024663,66122.12872540044,87527.1616663067
2023-04-23,235788.14164316907,142969.76523425733,184266.65440926957
2023-04-24,219603.968743576,130812.0379564417,174587.0769556025
2023-04-25,197653.7432973141,113340.37565104236,157239.36504579792
2023-04-26,218693.28627995052,137146.05901877178,171254.51872513918
2023-04-27,192208.44992853006,130367.20768991145,151178.79931615302
2023-04-28,105919.78256157185,68657.00588860358,100722.29775430464
2023-04-29,233014.02910366378,139255.89984899777,192020.41776234342
2023-04-30,139562.62286760288,103934.22419156507,108695.29511379071
2023-05-01,203489.4894520674,130744.01551640626,169761.1356067613
2023-05-02,201546.91874197675,139609.1299923493,157899.3400960213
2023-05-03,123275.41770447594,81800.34749718639,110351.58053944717
2023-05-04,117076.82593129748,61005.192452767675,97357.88266701894
2023-05-05,113012.25574168933,72793.51625419417,89336.78315330918
2023-05-06,139994.89925706142,92710.77886262562,116473.08866375191
2023-05-07,170505.09206877556,131801.4765922493,120695.31213433546
2023-05-08,219034.6588089959,136073.05832563434,163960.05235809868
2023-05-09,88952.50320250011,50695.21305311907,59222.75249800954
2023-05-10,194877.18985274408,101074.73025775657,157331.18282983234
2023-05-11,131456.0857732568,91741.1003148779,122490.01861345637
2023-05-12,112699.17812388831,72210.78104707302,112472.34396103698
2023-05-13,97967.47877426753,61986.53673336828,84754.4940338216
2023-05-14,157191.34130581366,83761.51714036279,130761.5177940955
2023-05-15,214530.5449391388,144290.9703912519,153613.85860978367
2023-05-16,129060.87031852007,82320.29320207553,97821.95825747585
2023-05-17,164976.52345583568,101879.0621743366,124103.38124558615
2023-05-18,184185.02629740382,120301.89588951778,141139.5450554119
2023-05-19,120615.76806588353,86362.9602379294,94811.17626685892
2023-05-20,224649.11226611026,147178.20827209606,174998.38403591694
2023-05-21,240839.7292385121,146244.72949421112,172878.7852870518
2023-05-22,92237.03838558341,75178.22958253641,81268.73326964208
2023-05-23,152246.6693667953,99724.85058923854,111069.90523603819
2023-05-24,106129.33017373199,80087.83098167696,87295.9327800971
2023-05-25,141627.00673511697,78484.04943774675,134042.43208559332
2023-05-26,50069.30400750443,53688.69473545328,30861.59729013931
2023-05-27,155256.21315155274,110956.43339798969,98902.0952937789
2023-05-28,157946.09098561964,100267.90232288615,123496.8305696946
2023-05-29,114032.29327218521,55147.87512499894,102235.43096773389
2023-05-30,115481.96441403197,77864.64642366115,111969.04607343151
2023-05-31,200135.89236113406,140826.58859666536,147813.2179443831
2023-06-01,148557.42498885767,73956.18906669725,123812.93222345135
2023-06-02,67773.95280535858,64489.48720912231,49566.057676486336
2023-06-03,104441.79490923283,98945.2760277563,82493.95238434493
2023-06-04,231647.85711765673,148565.04541106007,211761.71916429576
2023-06-05,101267.20623967284,74205.52715115005,65984.06170778675
2023-06-06,155395.67576826754,117213.55474058786,126853.93722955977
2023-06-07,203410.0712452947,126161.96153287176,167404.9887138901
2023-06-08,115521.64587428392,73763.75439923996,103275.17994882062
2023-06-09,172950.87967704437,122821.63486118596,139340.53527634448
2023-06-10,104561.38193447009,86778.31327192532,86729.6109426171
2023-06-11,187295.0211546398,113230.58305935794,145919.53124949394
2023-06-12,183033.4801733074,113352.97107608947,149118.05355109702
2023-06-13,153382.68533562613,103577.46840747586,119274.2255135268
2023-06-14,125476.20542911456,59028.97700544083,106596.68324185215
2023-06-15,178893.67901186267,133530.2495589238,139418.8398490538
2023-06-16,92606.50632726561,82078.00649717358,77856.20900083435
2023-06-17,89139.61516235325,68651.85103998543,71019.06399303282
2023-06-18,80204.55090610463,54077.51415547639,75424.14323260539
2023-06-19,168500.73046469013,109089.29431882419,134286.64713586724
2023-06-20,171809.93311921577,117756.43618422824,119717.62181330382
2023-06-21,84529.28226946437,51658.78289278562,80242.64082271142
2023-06-22,126783.17026108327,101209.3058299281,92369.21320024044
2023-06-23,137849.6583611559,72649.57751979379,103742.06330243651
2023-06-24,170132.89499356612,114517.279040945,130149.70305441797
2023-06-25,123500.88098251125,67436.64290049914,112545.08571771719
2023-06-26,185495.16764292397,119093.7738102466,127039.39197455224
2023-06-27,142145.3663281563,88673.53463005373,145093.77839912497
2023-06-28,226904.84391515423,143672.99887367344,192084.4432227839
2023-06-29,104582.3128222453,63752.09441459933,85898.23939908783
2023-06-30,139014.40785488967,84106.63510502585,110662.58627774887
2023-07-01,118604.07878873698,61347.3521240589,97738.80377956617
2023-07-02,217634.46613581383,142469.36182785628,179318.79719244447
2023-07-03,220780.9781589174,137733.9353380981,183076.93838663452
2023-07-04,111896.53027152881,75794.16277151556,95073.26887725755
2023-07-05,202799.9512141163,115998.4046034179,163135.76778384554
2023-07-06,184055.483988997,131722.2200201216,145271.00298812435
2023-07-07,194298.93039813568,105520.08115994623,153926.41148197342
2023-07-08,153644.4277405141,102965.05783560066,120966.45938888448
2023-07-09,82662.3415927068,74185.22909004518,77467.57424283608
2023-07-10,91527.50346910066,59310.27678058992,79157.56999808915
2023-07-11,195961.3305435014,139721.57579533267,127365.17808815831
2023-07-12,226875.57955427404,140041.80571633304,188059.47140871684
2023-07-13,156912.73900494238,113310.1457273268,127477.55315114166
2023-07-14,116930.7999930095,83902.97910487006,93357.55242994863
2023-07-15,89590.6215729885,84920.95746126608,67787.31272750195
2023-07-16,174847.2254455544,122595.56788702394,151118.90755630366
2023-07-17,161088.95246030745,139711.02599525772,138346.42658947455
2023-07-18,176384.90717005313,138708.64242651174,133379.14905780644
2023-07-19,207189.62500152952,127987.55458576238,169822.22287246896
2023-07-20,187020.7500961598,114203.16461542877,139900.032731515
2023-07-21,96130.1459849566,58413.99649950488,63107.93514007598
2023-07-22,79904.78425160782,66162.87140946138,57656.65515538661
2023-07-23,208828.90115622227,139855.41885270792,175687.0556488054
2023-07-24,165892.30816712714,110642.90596595898,142245.0969874626
2023-07-25,53212.2639586436,50919.70516166296,47700.66536788781
2023-07-26,120288.69746524782,60147.15428660321,103481.91584067824
2023-07-27,192072.51117772178,116350.17691080557,158819.79181332703
2023-07-28,71339.95410033953,50506.15838462187,50657.1473280421
2023-07-29,99658.92449251542,66080.80514174986,84046.36504075176
2023-07-30,161477.72456393897,104873.37893665861,137186.274903428
2023-07-31,137949.58228541818,119189.51976926932,117902.57912647029
2023-08-01,167850.64127497814,115196.12595026006,146169.64673472894
2023-08-02,95000.71145912798,72426.93094605597,83083.60763931302
2023-08-03,161794.48300423208,121217.9221347536,132950.06847880152
2023-08-04,104965.35726680091,73724.90874968,94673.78819660502
2023-08-05,159763.68526088062,82539.96981592677,127545.7356162139
2023-08-06,199790.56799304383,124649.14051180241,151013.7078821579
2023-08-07,161021.35506142626,114963.28990472146,127186.41440970339
2023-08-08,213835.16720124986,134922.3410494178,163619.1073129354
2023-08-09,201629.04257677155,115761.28923003434,154551.45131167345
2023-08-10,178738.96415857613,106830.86033354717,141545.98461970573
2023-08-11,90243.82257261736,59367.476782809244,64270.85884809427
2023-08-12,117218.63490480355,86771.58030594335,90695.29262745244
2023-08-13,128744.82142453062,76520.23676817254,84059.71047008663
2023-08-14,119468.15421529752,74398.96433790836,97707.4604459674
2023-08-15,238855.4476134215,147301.05547524456,191096.41284435947
2023-08-16,146668.09473365344,89309.77246667605,109163.58947624086
2023-08-17,229798.03758295372,139204.65551771133,190430.88675068703
2023-08-18,158966.08966837806,113113.86259972629,136548.57311096805
2023-08-19,220569.57684393376,129481.13035416484,160380.06283145727
2023-08-20,154347.55605962683,100263.70931051922,115850.79706203933
2023-08-21,203040.8001464592,107690.38846263592,154741.2166192944
2023-08-22,135093.8977110382,99251.76938188639,98676.08715774193
2023-08-23,139005.72423301166,69524.29877980445,119499.32780572682
2023-08-24,187326.03295847878,122245.21152615054,147922.564979055
2023-08-25,104087.4942938394,78077.23624408558,80624.84702196543
2023-08-26,68969.67828363166,52431.596643145385,35137.11898283779
2023-08-27,165413.89822218876,114547.22959071677,138685.29887984326
2023-08-28,110049.92083909568,67711.0679407049,75647.35272274182
2023-08-29,226525.49741364716,144045.85843529145,181819.72423358102
2023-08-30,206615.2864716165,145392.85770025873,168065.99855687513
2023-08-31,211742.5666878476,141486.43902204485,183000.6393086646
2023-09-01,173369.21221055393,87015.87002554444,125607.16577725201
2023-09-02,111869.35588134435,51545.661652886745,59300.36314686724
2023-09-03,222974.25778163946,142831.85625877255,180217.90167284853
2023-09-04,139987.69181096114,92818.41483173144,129995.26526387746
2023-09-05,222398.84939091565,146665.48190436696,190308.54304212693
2023-09-06,231813.35601799627,146361.99770892528,187547.27896714327
2023-09-07,182495.5670161359,135300.945546736,141080.09175658826
2023-09-08,114019.80306197095,79444.88920695857,99287.06841594988
2023-09-09,99392.977812737,88509.77286019252,69778.92025314493
2023-09-10,210654.96317963413,135113.6671516857,173287.5482372695
2023-09-11,135482.21956749648,81692.20051562777,113440.47724566345
2023-09-12,90760.1827569264,66949.27466860926,83210.24528052993
2023-09-13,189999.9246345532,105680.12624583501,179596.54009675334
2023-09-14,190907.90286407032,143615.4774160781,156650.48196304392
2023-09-15,150116.97189704955,119602.9796674973,115003.94126056465
2023-09-16,164998.2118846042,107006.1170089365,131742.82638576342
2023-09-17,110518.44011785838,59717.64937707686,70723.99304539553
2023-09-18,200929.63783403285,111500.72266991698,153796.57895633572
2023-09-19,214330.39225826072,149005.38501042634,167371.48942547754
2023-09-20,117586.21895410451,64008.4015236524,88828.0911839377
2023-09-21,151979.27846454637,101832.96523637368,123106.97149197431
2023-09-22,203153.41479037696,137737.30719279556,154298.53250847958
2023-09-23,203788.49141286412,124076.86177542045,174241.09980353602
2023-09-24,192598.81871755858,119701.5740995268,154081.1256232288
2023-09-25,148844.7694583814,120248.40839871093,118982.812355319
2023-09-26,158454.47967748117,85949.11512197551,123484.63657685576
2023-09-27,146640.60372262303,79359.18442644934,118864.38981668821
2023-09-28,183892.91929158647,130936.11554785137,155365.31807994551
2023-09-29,204433.07987062528,131011.33946791808,154875.16173939125
2023-09-30,214941.45151267032,136707.23185801037,165371.99631938367
2023-10-01,217199.5581999488,141324.0552556471,170722.3862721924
2023-10-02,140695.25675223226,101134.23988609378,99097.49616705367
2023-10-03,136794.97684431894,100151.62946871997,101243.40287824019
2023-10-04,194233.19542518738,129829.51789667751,150624.34760470333
2023-10-05,195949.17000185204,114996.3930777765,165503.2278086089
2023-10-06,191167.03468054414,120196.68772577033,155559.24103445455
2023-10-07,186956.61377369304,129579.2669436101,151501.19013262988
2023-10-08,223934.77548560183,139000.53418175664,187656.8000101612
2023-10-09,68728.42111512885,83799.51568515357,53609.01900810911
2023-10-10,154312.75690343368,87558.2952639944,127354.85402203586
2023-10-11,54303.01540056835,59398.1939840869,42410.194791129725
2023-10-12,154493.20232136347,107828.0140996174,126248.18535108707
2023-10-13,57997.94317698844,53594.22737967421,40570.76796547494
2023-10-14,118946.07320545091,96559.80181324601,70768.68698159645
2023-10-15,179613.2309537069,104264.46347075766,142347.7931411025
2023-10-16,108627.16379300483,78654.12521282844,101129.21239540327
2023-10-17,170555.06671996592,109083.32605690107,145706.20739838868
2023-10-18,78636.62591327373,53050.02499390494,72563.2755765307
2023-10-19,90143.04485684459,53734.81887492144,84475.74310353785
2023-10-20,199926.52192015384,132260.05606596582,160827.79344573748
2023-10-21,103368.75172791805,86019.06414112629,84668.1584563904
2023-10-22,113984.41328672551,62706.05126518848,85011.01167503692
2023-10-23,143461.35734499438,102224.32600548043,111608.35731572502
2023-10-24,159367.3949915966,126999.35530986109,133651.6274909887
2023-10-25,98810.85090520824,71582.10274968432,91087.52509585475
2023-10-26,198448.76718553627,112289.04758190003,157364.55099161903
2023-10-27,104806.55459133505,58534.7464993768,79343.35102455394
2023-10-28,75779.21548713397,55168.17211686077,60628.651978273156
2023-10-29,147718.04064885364,103135.4631568148,124186.50000837406
2023-10-30,149662.5672171683,104063.51216101064,105291.50561239924
2023-10-31,212149.4448959478,113742.99014982066,146757.74638538586
2023-11-01,191552.4091030303,122609.13337226615,147736.55878750843
2023-11-02,229978.6448632016,147585.20794625347,171775.7916314197
2023-11-03,173050.72132581615,101630.03483011953,133359.17508417982
2023-11-04,128219.25412171715,82295.64729412459,101097.60010919902
2023-11-05,189097.0862988915,129518.61947687037,146745.18494888305
2023-11-06,111697.84070761158,77083.22512620743,103882.94791079673
2023-11-07,139413.68791756412,93897.14207056361,114798.3979800745
2023-11-08,86024.01247114305,57845.638134226596,71823.95357302272
2023-11-09,93355.20238505823,52535.074341545755,80906.23334848061
2023-11-10,220436.17991783476,146264.84146779252,164960.61275646012
2023-11-11,215049.81962114244,133598.01205122058,182430.97357111666
2023-11-12,177781.79931188305,119597.4206093698,141467.79658415183
2023-11-13,137915.6454684623,90895.29444142699,117037.32254718196
2023-11-14,61030.1343199847,67329.43200708457,38105.53512558621
2023-11-15,116792.10989471254,65643.70426710861,77896.1002556094
2023-11-16,119466.20424264914,75024.28981645952,103751.85997436961
2023-11-17,177344.20190311113,104922.66647061205,145639.45678346406
2023-11-18,124264.28084113557,121459.59227000624,90390.90912933335
2023-11-19,215797.10060327424,116019.73767177312,163941.04966987247
2023-11-20,114198.29197878795,77993.38969459428,102612.98142717806
2023-11-21,240393.44843422945,145486.5280663194,180420.6398187103
2023-11-22,164886.41896185465,123789.69166957685,148335.86470204336
2023-11-23,170408.58597796148,105435.40525114007,127320.6614358905
2023-11-24,145689.80067167972,111172.07462343523,122935.75979342761
2023-11-25,125464.6301502524,91960.006242779,97085.51936271209
2023-11-26,150440.27550250935,74773.09895011575,126384.09471283092
2023-11-27,124582.25378242233,85597.26786512617,94224.66300479595
2023-11-28,193025.5740332498,125784.61104643691,152792.53016587693
2023-11-29,94560.37790823846,51439.34886297559,76057.49408054799
2023-11-30,102324.53383548952,61607.26405069162,71837.7525105769
2023-12-01,84908.77440613444,54600.264202175276,75335.26297910883
2023-12-02,88408.54039717003,54072.88023189701,65594.69665302018
2023-12-03,251387.3993064166,135546.05840110072,198823.9202917331
2023-12-04,179396.30296633183,120365.78593800237,133573.54862698034
2023-12-05,150148.05529739812,97417.38290873251,94495.1076499654
2023-12-06,110688.21201780246,59783.416065100144,86640.2919882403
2023-12-07,170852.89992668453,99161.58751168323,160808.4741574768
2023-12-08,169761.37172829246,97347.17707805657,143655.1402616142
2023-12-09,113754.88492708596,67320.18699100152,90811.30414432482
2023-12-10,117217.64913108628,93385.1649237973,91145.21101278636
2023-12-11,167444.34080562793,89850.47343973734,134180.1315726228
2023-12-12,144450.60684745872,111585.00980522165,121031.67662971908
2023-12-13,176316.75693492725,113509.36508676439,129245.27739485336
2023-12-14,66710.08446541952,54530.40097720445,64511.284519024346
2023-12-15,129909.12526211083,87461.26146264712,111081.1133641011
2023-12-16,175454.23556320506,112585.99157142364,147545.2457076434
2023-12-17,156897.58309601864,100313.62585800877,129902.82386491219
2023-12-18,211911.891262954,135648.98411883222,169725.6795873031
2023-12-19,206078.2701240147,115869.36316189451,171591.22845887995
2023-12-20,108510.85009249406,66293.44270814297,92726.82141140904
2023-12-21,80702.17940425151,57056.874740042986,61021.33641399097
2023-12-22,190644.6350967145,114241.92782063156,146779.6903484026
2023-12-23,102766.10635973609,52651.13105416218,83231.44804040874
2023-12-24,138314.18088827966,108577.55812734633,126141.5462255756
2023-12-25,227982.5376107408,144023.02414249576,169994.95933205367
2023-12-26,175344.5815275998,107547.4177875879,125600.41256455544
2023-12-27,127274.21886377846,88816.99262065219,103466.98350338794
2023-12-28,199007.36903258538,114328.82184423532,159714.77224462852
2023-12-29,140736.82183307697,95825.28904915167,114322.87411016566
2023-12-30,159354.04746682107,104561.67893159349,129922.76995254186
2023-12-31,212758.2848308014,144146.48087765253,167974.6053182931
2024-01-01,133226.97662174547,88610.26378007742,121480.21568341722
2024-01-02,197253.0828356831,146119.05638239143,141793.42648378134
2024-01-03,182001.5786415237,140535.0641956064,137316.2926654165
2024-01-04,136258.7714828939,69579.11347892965,107974.46958482466
2024-01-05,68464.96816490826,56936.13008751655,38340.08642038494
2024-01-06,70288.85321748785,60077.80013774266,54472.53852966957
2024-01-07,34665.471575658165,51822.18256515497,44347.07891780671
2024-01-08,76387.20915959921,59444.296075592836,61318.63221063899
2024-01-09,150989.22014430357,118300.67734163569,123098.3851726297
2024-01-10,118518.60047176172,57118.8648460229,82213.23272568359
2024-01-11,143042.68633091688,81897.56302937614,108270.53498433874
2024-01-12,187968.2897418637,134487.53109694546,146622.6679902516
2024-01-13,123539.50646726006,52327.19357358258,95654.45420624572
2024-01-14,216805.58212817227,131446.8482588936,186260.9036525755
2024-01-15,110781.58854583756,78185.47747734,94202.1814439213
2024-01-16,42736.609845776984,61816.48276216563,23074.70830725127
2024-01-17,225329.42625643747,119673.71653641507,182728.58878947003
2024-01-18,141549.97768171068,112894.2846779884,118222.1996303364
2024-01-19,173712.82708992012,137747.2013527053,150371.75205714878
2024-01-20,205712.06521077568,123507.10438038858,180375.0590343043
2024-01-21,244317.18768451276,130348.09303848486,185302.8082293315
2024-01-22,144990.64225590634,78203.45725713065,107883.9386926217
2024-01-23,112894.11396800562,67743.95437797229,77739.51258525833
2024-01-24,199487.29957943445,125061.47516408583,157249.64107247777
2024-01-25,213093.52206569575,130683.4739267264,175138.40139701994
2024-01-26,238754.3430958363,149050.51420006732,200876.81964256006
2024-01-27,142516.4800161015,91261.76769114265,113253.67377645598
2024-01-28,132886.734947955,87201.80857927832,103110.91272581556
2024-01-29,190210.08155330908,127641.29607419968,153685.6451651347
2024-01-30,111041.23926061916,84080.35402530179,80481.5623921951
2024-01-31,209000.0973031992,143075.73256035647,188095.4650595071
2024-02-01,169902.77649254407,135841.2751843012,119845.61092285467
2024-02-02,137382.31157035776,92899.40273750183,111753.25504524347
2024-02-03,167858.83802570624,125087.10677914973,154523.1326128614
2024-02-04,166109.64476838693,125454.28740846824,132955.71426030953
2024-02-05,94066.46334845947,60312.38688359326,73352.78032875263
2024-02-06,238222.98172882697,140255.29066795667,187003.93115495733
2024-02-07,169154.1879872248,100525.2372447857,133519.43357215577
2024-02-08,167558.60784369768,132645.74661077416,147775.37102172343
2024-02-09,103214.877423185,82004.96010306117,60453.282825252936
2024-02-10,228143.9080341944,139552.32284962005,197849.4634403188
2024-02-11,113730.50393935827,88920.16787341631,76744.83162698516
2024-02-12,72132.98472210426,51083.76514802984,55039.86448533926
2024-02-13,221808.33844338058,140538.19764192635,173154.22655171785
2024-02-14,69326.11242064732,59128.667678613354,61346.422634225055
2024-02-15,125004.55576148143,81931.36375904149,84022.40109034767
2024-02-16,190828.7851592567,145006.1967050805,157284.7547882248
2024-02-17,205563.71916160913,145060.7146937556,184694.07156215585
2024-02-18,167411.32190134368,107343.78881232861,120297.31747514685
2024-02-19,137915.70715483653,113183.72121697993,112229.6273999732
2024-02-20,151076.32305595593,94844.55219783197,114241.23666679866
2024-02-21,118588.85977617605,79321.07716980645,99129.9598828712
2024-02-22,135349.48089383036,82866.4545369916,108471.06248922182
2024-02-23,180356.051092849,117251.84560770384,137869.9717838361
2024-02-24,215138.98801512888,125237.452943768,176989.91326081386
2024-02-25,196241.3466118354,129157.90437258485,175036.55838733577
2024-02-26,184854.61059667802,128961.81427945539,145974.65056006945
2024-02-27,91126.86551794922,59120.610304869035,80099.0718358412
2024-02-28,160029.00628611498,99442.03047025815,115090.47545018035
2024-02-29,84611.01540901072,55755.87600166443,58124.44855902849
2024-03-01,158241.16617263798,104952.88823237355,131316.99571691416
2024-03-02,127189.74144987145,94153.0501373377,116592.9534452568
2024-03-03,194897.60906272603,138770.41827583,159474.22073803743
2024-03-04,99585.14644681793,85091.50125520787,76537.53685222281
2024-03-05,127551.58732787965,61706.701642760585,102034.18391653727
2024-03-06,71571.48760009967,64299.16820528358,44753.11274038257
2024-03-07,175368.4908017027,126151.06317174723,146339.9459049158
2024-03-08,153364.5641860552,111821.80633162611,131514.98197207827
2024-03-09,108066.88895730735,60112.26761227903,81932.60783751508
2024-03-10,81717.02735140905,58410.680611499745,60673.200403532224
2024-03-11,205100.21117234268,120096.913145912,166738.95123439463
2024-03-12,72444.63846975165,57276.30063641935,53588.51341539537
2024-03-13,203858.89213802945,132186.0059290356,162425.78756416537
2024-03-14,164229.39300827926,120624.22271564962,152380.73229828855
2024-03-15,130105.29965175274,58134.87806418998,101613.98271394223
2024-03-16,63973.68873218853,58483.77140851919,47595.5494655386
2024-03-17,229192.35097971684,148663.95785011753,176878.4627274219
2024-03-18,143816.15698206003,87427.07957561204,122494.8453006474
2024-03-19,138872.3040090636,87064.21470668909,109285.60147506985
2024-03-20,193214.18191107124,131279.95672575026,148077.61514564275
2024-03-21,214490.87261291026,144724.85773838585,184805.73841305834
2024-03-22,223776.38901301284,148600.1063822871,193217.14125554665
2024-03-23,185066.68775627145,125337.81852589417,142049.1145476301
2024-03-24,150716.52016553556,87625.95855309158,101907.81661882228
2024-03-25,131735.56753662735,58350.07166986688,115463.5909276711
2024-03-26,180422.20168895886,127714.69159274368,137491.46309356703
2024-03-27,131364.5778687892,105840.4249735805,112997.91828665904
2024-03-28,136867.66042002133,92422.20092469762,89793.09015889872
2024-03-29,262547.34451729676,140635.43850947358,218963.84899683052
2024-03-30,75606.1309865281,61119.748230615136,48373.18549641466
2024-03-31,181676.1017525102,99262.51042908592,152648.52259267343
2024-04-01,110257.06299664167,51135.36447674191,88348.3810756777
2024-04-02,134227.33146495905,96866.06419941262,97842.4709780008
2024-04-03,94825.15293598111,55630.32756818373,71789.75921951709
2024-04-04,125390.61990278156,61881.79162680719,107175.68049179226
2024-04-05,85046.38219681599,61752.62467771049,69096.05028860514
2024-04-06,168309.93811536228,114921.03021160635,140492.08029701468
2024-04-07,175273.11361084064,124604.48792654232,159982.89673382737
2024-04-08,142210.1801507166,108336.87650971596,98125.72800346278
2024-04-09,206340.33136986115,146217.2548474542,181244.39084557517
2024-04-10,106751.7815933105,87487.05795237041,86444.98464988054
2024-04-11,118538.48230746362,78571.20862818607,85842.94536273963
2024-04-12,189890.4046072462,136859.91281894603,138609.18742840705
2024-04-13,113215.09401373286,72359.58385194527,88680.87130321596
2024-04-14,188365.46799201914,146322.2539440611,159908.8755128599
2024-04-15,83440.77584776159,51215.447468981634,65477.12947443393
2024-04-16,237152.40323832436,146987.8826707639,204833.47189313296
2024-04-17,41599.27394115731,54315.99119505761,18767.662252410264
2024-04-18,216152.5984516621,139114.3113698071,172801.18928286916
2024-04-19,178708.54621241085,102770.11090862998,130442.90252579749
2024-04-20,199751.89904407095,149296.47961193003,163437.83806150645
2024-04-21,119520.9324470639,57379.656473539886,104485.61985862412
2024-04-22,166458.52284751902,105385.42844013208,128959.20034120468
2024-04-23,206295.14322769665,146930.2535619099,138993.976015886
2024-04-24,152349.2950723682,102309.78441701489,123868.9175258595
2024-04-25,180576.33397072385,112939.86381352626,148828.45269391418
2024-04-26,180882.41117594083,119574.86889846172,148748.87649036964
2024-04-27,153956.27956409336,95454.10647677732,135522.84556949625
2024-04-28,150720.2401510222,112755.80800840634,109865.6553243273
2024-04-29,166034.3632691866,108431.43119231003,139629.65166985377
2024-04-30,181899.41163554875,140115.8010490989,157444.60443321874
2024-05-01,79592.43582424468,54544.638034145784,45888.07281933057
2024-05-02,99066.32560953875,78096.31895922303,82449.57874682079
2024-05-03,202851.1237596885,145041.14840765588,157239.1006976741
2024-05-04,233261.4310878462,139026.37838909164,185793.91813926052
2024-05-05,165174.7153297423,95565.67527857129,135616.5370991772
2024-05-06,180202.65208837404,112013.25978015368,139289.8360295637
2024-05-07,94760.92215371832,77738.11829811327,69051.65693135855
2024-05-08,96890.00496466817,68812.11597237614,77853.52814661479
2024-05-09,168816.714740581,96369.84049399821,124180.91240383679
2024-05-10,130837.17247670601,85335.22280260528,93811.48669251296
2024-05-11,208935.00757726468,108365.61118508721,173941.7388913768
2024-05-12,94526.55233263515,57773.46369649848,64133.30151452157
2024-05-13,225000.2034797256,147439.48076661665,186663.2877928726
2024-05-14,216749.28238789042,148621.0744479603,178025.33883885184
2024-05-15,182395.0751986074,119816.17140197451,128657.99287097996
2024-05-16,152365.0582240072,103609.63663441205,115116.40005584921
2024-05-17,135591.31597672097,80952.76162863278,120414.14681185051
2024-05-18,216203.29929193397,131379.50197069487,163150.98412215037
2024-05-19,161989.8866729229,118473.11725538793,124947.86671524445
2024-05-20,72767.88183057813,66261.69393448913,62834.914396981476
2024-05-21,174914.97021201046,141092.71844938427,147765.88126243436
2024-05-22,208540.4129767262,132253.72429231688,164316.94152093603
2024-05-23,195402.65487031115,144979.99132919242,150347.02194933253
2024-05-24,140800.11439920432,122571.950838836,126863.79013634853
2024-05-25,174783.85148098777,111341.519593579,157216.077822766
2024-05-26,187596.44579224865,91824.30362906189,159865.73714161688
2024-05-27,214787.85427230413,143272.84833540133,172683.46484349357
2024-05-28,221679.3989140941,136606.38895004085,169260.86191486605
2024-05-29,83419.38768687971,54521.86701061894,58431.066083938116
2024-05-30,76977.25311076494,52636.6974497252,66806.94354126953
2024-05-31,149851.03469146282,87646.33668780496,124064.8099620571
2024-06-01,190777.50873350192,131055.33307818329,166637.99291626582
2024-06-02,228439.2656786797,148727.61293149443,189255.91346830514
2024-06-03,103996.4897894495,65041.68911035282,68166.38881396141
2024-06-04,150757.7982299593,109413.07153521352,131125.71476119664
2024-06-05,151974.4754853837,88089.08566310216,111598.97411516284
2024-06-06,216987.9645382823,146991.43978146033,169750.65891110233
2024-06-07,186202.93528049946,134211.8923135709,151464.35028691654
2024-06-08,211479.5025780787,133832.87047111377,189140.2769603026
2024-06-09,127334.61433342479,96869.31597949703,132966.87702679343
2024-06-10,137786.54849803235,91481.95023376652,116296.46938978772
2024-06-11,115828.68085672185,77340.70719307062,90830.9784981736
2024-06-12,105174.23581427062,55637.54966509271,89484.44513622201
2024-06-13,214202.321095857,136472.2376255053,180238.411135424
2024-06-14,196434.61219460875,131290.10091300774,153941.01350011508
2024-06-15,241312.9769769253,149971.76732861306,211002.49514066346
2024-06-16,252299.67654143204,149663.68370739053,204140.44882505966
2024-06-17,169470.96196743136,105543.17056026275,140554.20046485902
2024-06-18,190555.16467394418,126898.74151805104,159103.37425969998
2024-06-19,190478.13483536098,144476.57298824278,156598.37397443334
2024-06-20,181144.83534010427,134964.73906774115,153305.27327677957
2024-06-21,105997.72117438629,74734.81017431976,78625.6450740398
2024-06-22,130391.37625332837,95054.41353100936,98730.0834632024
2024-06-23,90634.48621301533,62915.9415151495,61506.04664069532
2024-06-24,219240.6525867505,145405.10272587225,179787.53437560267
2024-06-25,176520.05025476663,110617.46344508801,149005.40523893447
2024-06-26,107886.44526433758,72864.28055034627,90886.88487298894
2024-06-27,185485.13553740253,117170.06844058567,165133.0327633974
2024-06-28,169008.7243648868,111812.82404578957,135151.019303619
2024-06-29,89215.07637784864,85816.27180328405,78059.47765820405
2024-06-30,73246.93095356926,61355.7592199629,47680.53600146227
2024-07-01,172854.22822448763,117157.31955927996,134412.38555484609
2024-07-02,128852.26027874683,102030.77009037933,110037.18579865525
2024-07-03,202846.33336027,127231.83917356393,170768.08779564744
2024-07-04,183639.541813673,102016.35011119934,143971.96397429658
2024-07-05,227202.4620817273,135218.150031854,181045.9771468012
2024-07-06,153517.16839756866,105190.68387744855,107634.99725124685
2024-07-07,188955.21846730696,106093.79715353862,147593.88276577948
2024-07-08,209471.38954279397,137665.3602658345,176480.94326943305
2024-07-09,128780.71050949876,90348.2866212397,108776.61856866468
2024-07-10,82834.23099677732,63401.52284506407,71274.04201123395
2024-07-11,73268.00771723827,52878.267631333896,59112.14304560023
2024-07-12,180507.05198021824,125513.7255673619,144476.27317045635
2024-07-13,171454.75715052945,112030.95513534646,130560.59432568908
2024-07-14,183823.44483588083,120407.97680992236,154047.04007073003
2024-07-15,107005.5446294049,71296.41615089108,89814.16514741782
2024-07-16,104194.48473294245,63637.147558676974,88275.77626628196
2024-07-17,100994.62534590911,51454.46656678819,75535.35185005149
2024-07-18,146579.21652981604,85058.75588065971,95729.94402514039
2024-07-19,133789.6936591969,108991.7686854633,118003.28204489448
2024-07-20,82758.18406692074,89224.40450997323,61418.17269345256
2024-07-21,159307.63652834482,93747.4922023729,118818.35158224465
2024-07-22,183286.23020575385,140415.86944937485,153563.773283743
2024-07-23,122743.01201564138,84825.54670233003,94274.2832133218
2024-07-24,128696.16285278442,101398.94891598108,113556.29412269375
2024-07-25,156508.34315957106,128365.3012741143,131376.73402342384
2024-07-26,145310.67191228629,89654.27823212702,123084.23076183381
2024-07-27,183496.10824023397,112208.67002278735,133137.32948018186
2024-07-28,192824.3482974774,136236.37087467453,166378.91849184592
2024-07-29,165607.24770574813,144952.06236576423,135098.30347693706
2024-07-30,86136.13317430603,64707.34809290379,65216.13514698279
2024-07-31,221824.22388227508,142658.76251614944,178893.2637792426
2024-08-01,119239.21258644815,99211.62930795382,77629.01774017533
2024-08-02,117403.85664042686,75824.43882989584,98009.61342714822
2024-08-03,143564.16645227929,95913.57562382612,104557.61808000272
2024-08-04,233590.71628484334,148003.25752854772,173345.87016943935
2024-08-05,151284.32146721348,99261.80939928695,105803.86531159187
2024-08-06,104851.36272549513,82875.16102875082,95007.97393029535
2024-08-07,193941.5581807987,113340.08543167257,148860.61260771108
2024-08-08,107851.25135618955,74014.5618778193,101618.27818411663
2024-08-09,85833.40842610096,57586.33281086639,63308.71211035779
2024-08-10,75666.59910513347,62887.972191064924,43459.699708177315
2024-08-11,85341.23081983566,62804.58389577724,57107.74025638195
2024-08-12,80089.34974630614,65190.269351229435,76429.5959971143
2024-08-13,92365.15469894305,63882.71726494101,72333.14197978778
2024-08-14,205365.38132332906,114087.47448032146,158809.43209375723
2024-08-15,74843.98980124459,68188.00843991448,61475.37409952356
2024-08-16,94578.86454104466,84566.72833238632,80680.91899451117
2024-08-17,238941.6680357739,139678.84099060117,202327.32258764375
2024-08-18,141907.77249639353,97396.16402628724,128011.2102960441
2024-08-19,161752.20600495578,116755.77385210272,125804.07834607377
2024-08-20,121646.074428166,67231.98712016299,84056.38268171242
2024-08-21,91731.04202656334,69228.90188086708,69250.18201001792
2024-08-22,117650.48671091055,54086.861626647886,96723.1944345573
2024-08-23,113898.77688761006,66893.50630721645,81481.43224798195
2024-08-24,107030.32269187973,77859.03390319586,76052.74900455336
2024-08-25,144697.7369068221,67701.04842767469,119196.06834095654
2024-08-26,76191.08160349158,58870.253375705564,60466.34176708876
2024-08-27,107937.28810527625,62063.58711006008,86677.80043833687
2024-08-28,150102.6668130387,96077.87680327258,112497.18010343026
2024-08-29,131984.88354884484,70633.37184057925,103283.8996970182
2024-08-30,160870.70309174838,86426.98610480755,119454.23103071566
2024-08-31,151152.67360954385,100341.72708548569,129824.12299888296
2024-09-01,163490.86688748113,119039.48286293654,141145.18685722243
2024-09-02,90096.26383494717,53931.21398410989,53615.1324455768
2024-09-03,181357.25244131428,129941.03989090427,135790.69335112735
2024-09-04,209452.80337416864,112790.03894909078,152596.95014843415
2024-09-05,89994.56141398555,58175.90319488719,65495.40978711946
2024-09-06,198730.3625897744,137357.8624106777,158149.91037391592
2024-09-07,216824.4661970701,142087.2400531813,158963.1207606708
2024-09-08,57219.16818763564,56107.79598548637,36556.736418855384
2024-09-09,97099.36645186754,77687.76481472037,67639.91944067905
2024-09-10,219938.47012784772,130620.12797930614,178023.44939626762
2024-09-11,174101.06797812085,124825.96903836583,139974.2977528592
2024-09-12,81739.93324981781,68452.10193563774,58174.571066481716
2024-09-13,117135.45355105225,70934.93233367102,95476.5715622358
2024-09-14,154284.89851196724,87047.2102791382,117961.11796370115
2024-09-15,162057.5139919545,98452.29851910213,126929.46009030308
2024-09-16,187659.16944566072,111825.4771530296,166861.85645951395
2024-09-17,115201.14416407664,86891.36395697723,105565.5258491648
2024-09-18,115943.99408513529,96253.47161331479,79759.38289883226
2024-09-19,217147.3137591732,124747.09381337566,182015.17518613033
2024-09-20,74048.88365674697,53668.32028905979,67353.0724703135
2024-09-21,107848.88132250216,75243.69443440207,74796.47217047555
2024-09-22,208566.32071966404,121334.95858845525,175040.83301327986
2024-09-23,220405.6258410931,139520.68376871993,191703.81985700002
2024-09-24,160869.37175898204,101167.7442115666,117470.0493447415
2024-09-25,198117.06968781902,103211.34852653157,149318.6275401126
2024-09-26,78205.43709336355,60717.20113397761,72740.96434312587
2024-09-27,160668.65758514294,94741.23668234546,131249.87917637083
2024-09-28,156032.85246619518,103261.72664550232,130341.04472535138
2024-09-29,116742.4211224746,74247.05036347297,96799.82906198465
2024-09-30,145955.85317065776,76924.3230949381,120671.64174580766
2024-10-01,141749.33959148586,87728.41631046226,100134.75039007785
2024-10-02,88776.6012476516,52007.119777772634,81494.45806433578
2024-10-03,144762.0215836728,82207.91655831783,127505.51719121597
2024-10-04,99418.146458624,71144.80069965447,77240.60972621893
2024-10-05,107340.40947990706,82749.73521779146,85437.55808578702
2024-10-06,72068.13589246702,61976.21318192512,42343.4336884164
2024-10-07,169251.96032346424,139052.7280739895,140544.11581894977
2024-10-08,205163.01063191373,109359.24535540486,169850.98292267244
2024-10-09,154801.18055723977,117910.23191444896,123219.03427579872
2024-10-10,188950.6133193853,128917.12386073383,162404.02425421326
2024-10-11,144230.06384158018,99844.21989290573,112043.27876346475
2024-10-12,94186.17716929558,58692.02880874237,80995.00099437247
2024-10-13,171880.72552356808,103710.65418185477,127307.9370319333
2024-10-14,180235.6374703268,108684.11180208792,143952.98846751906
2024-10-15,175154.37235627073,124543.947418433,138379.95530598823
2024-10-16,136406.49765872367,93165.95462296794,111378.27734738836
2024-10-17,99788.64442910056,62758.03027955638,76135.64625494687
2024-10-18,112592.56334613773,78377.59057987244,88759.32472019352
2024-10-19,161609.25598019513,86308.22963986351,137547.8764985712
2024-10-20,181707.0852325052,114591.72413316013,140998.025813622
2024-10-21,175314.30142133313,107077.83046689119,124185.67012967973
2024-10-22,141672.1342580252,85609.67258978463,130833.54644847437
2024-10-23,246446.76446865348,148651.52487929797,210971.95236182766
2024-10-24,169486.6540776072,110577.48193568872,122666.69631102958
2024-10-25,84647.37980128224,73722.67917359945,74614.98189347774
2024-10-26,98261.12992811338,60178.24726204037,73579.15623697727
2024-10-27,84901.73300181323,65285.9139184332,70556.2585547612
2024-10-28,101321.32562268108,74595.77283845081,83999.3017882798
2024-10-29,110829.48636403523,66068.13732595557,86319.51108806497
2024-10-30,127750.71503636858,68656.70240513058,94362.9153732309
2024-10-31,118189.7068387983,78509.51686938471,87646.35494787605
2024-11-01,107182.6995461925,67337.35952947548,76584.24048214158
2024-11-02,243559.11258666858,139676.54246264254,186529.06798703043
2024-11-03,91850.12543901769,58023.37456616422,72808.31745072061
2024-11-04,205710.3707191461,102451.13895702547,157410.69668420937
2024-11-05,147869.71696108012,91039.68269896615,125116.29422599029
2024-11-06,187141.53735317462,148237.86169086065,164585.69143589895
2024-11-07,106872.6677472985,61203.89021680523,79697.60178413837
2024-11-08,142301.50755451678,89785.55990457415,116235.2510489672
2024-11-09,246215.62007296027,146947.0433275369,201969.34716139757
2024-11-10,218289.69590949622,136550.71258939803,179351.77943678971
2024-11-11,194791.6909627165,131707.207094928,156592.90544933407
2024-11-12,89199.45933095367,75790.28270449399,78786.39164836016
2024-11-13,96452.67296278938,67088.75873900659,81984.62789703808
2024-11-14,158286.07390447863,116864.3219924431,114252.23490030994
2024-11-15,202795.92937304341,142937.59891275858,170928.30414232748
2024-11-16,170286.00204050165,105676.28930139297,145101.71000506874
2024-11-17,194139.9935075131,107161.26894698999,147679.13376422465
2024-11-18,124890.29464550225,77997.90936602841,100291.61407087783
2024-11-19,166506.27873808684,126949.29331919369,140038.31291858017
2024-11-20,111948.61564803132,68704.37485575234,87465.75432263146
2024-11-21,147484.51519354957,82367.92364042437,128717.39263249977
2024-11-22,126619.80770607488,92543.64386164167,124934.57111105352
2024-11-23,148461.2134692099,100761.0378684455,110909.1104490181
2024-11-24,111655.22375684598,74240.97324150802,75513.73297393904
2024-11-25,76527.55744923573,61483.68247392035,64260.23191543734
2024-11-26,179558.61504312206,111062.00424416325,150862.5170857591
2024-11-27,115875.62001388273,78863.05532402557,90391.83227265849
2024-11-28,170576.3820915324,108123.82214226123,150993.71230643627
2024-11-29,80404.56373508835,65436.271527420235,50937.592990838195
2024-11-30,138421.8492717544,98114.01018548175,117666.66564771965
2024-12-01,169336.04203929327,103258.94325515858,129410.2254238457
2024-12-02,75316.8674815287,55182.35368224269,77447.27304729592
2024-12-03,160029.9187537562,83660.42781939206,147949.08853468616
2024-12-04,87169.47782855408,63441.46769389742,62069.01638500979
2024-12-05,88999.94008595288,56337.497047276775,65704.38070967651
2024-12-06,242145.8514959536,148996.02323899453,202312.56006656092
2024-12-07,94985.7620875478,82235.38449747229,72117.3031721431
2024-12-08,161264.9906385797,130987.44458546348,128557.88033154138
2024-12-09,82682.9719231627,75464.06547637639,66400.26174395425
2024-12-10,202477.09040213304,118150.27222239293,142784.94075972986
2024-12-11,177997.01606560402,126022.78598896865,142259.23539154086
2024-12-12,215509.7968045417,109563.87406078444,165510.55970299162
2024-12-13,134451.47630937598,97157.61885501584,102629.95282350307
2024-12-14,140467.16318603104,91184.09141472686,126810.05058351299
2024-12-15,158172.4390328068,84886.82665429954,113972.88228345288
2024-12-16,254551.22940035633,142952.9144247826,211773.03538776486
2024-12-17,240822.98270088734,133061.94077877293,189868.7568573918
2024-12-18,243921.36121183974,146502.69106665126,192339.48728451345
2024-12-19,114125.83403906097,62429.722348554475,99204.3861917659
2024-12-20,196480.66026457032,123086.74752036443,160585.04115734517
2024-12-21,231318.29004648843,143834.04568210378,190760.76200938606
2024-12-22,91161.24559827834,68123.30661656601,82610.84308395129
2024-12-23,68610.46243657048,56649.62673667775,51575.286117423166
2024-12-24,186100.60824528983,124112.06492900591,142758.11925115436
2024-12-25,157767.2745264882,107447.31131799119,115362.31435561259
2024-12-26,192209.7555271953,134182.87767582719,145513.6991219667
2024-12-27,109893.60544307773,63977.23766262895,117405.82860754944
2024-12-28,213396.20095039374,129526.73118598902,183163.75656768287
2024-12-29,107012.23573299864,70162.73200477446,72099.0449243187
2024-12-30,129098.99305096093,66365.59428657046,90054.61487333303
2024-12-31,76806.08740697884,66426.5797930993,66263.53054276799
2025-01-01,193313.01884911294,131457.4720231382,160123.06305307004
2025-01-02,160443.1366923739,116519.72206962001,133843.34770707277
2025-01-03,116129.08137390672,102306.54247691194,90353.7071635884
2025-01-04,127170.95890167137,85883.04841235024,100482.2245213081
2025-01-05,204145.13095430055,137720.0540813108,166594.90000503403
2025-01-06,164135.76097823796,89244.51074226355,132167.53884552367
2025-01-07,210106.1496118321,131659.9439471577,145891.91596199034
2025-01-08,120386.49979894867,93913.49085702184,94011.20353340701
2025-01-09,168623.5157404199,87694.44294249076,126384.74824973282
2025-01-10,168822.641760948,96267.97856696064,136810.2275978435
2025-01-11,131848.63519399363,80137.78741641421,135331.498181229
2025-01-12,182611.72504944104,124760.93801762511,149764.19669429588
2025-01-13,131219.27377940225,100272.0390092479,101840.12216179783
2025-01-14,102387.76875060154,73221.26951468173,91128.23002025374
2025-01-15,231711.158385269,139957.45732745685,190195.80558030732
2025-01-16,170275.40932467388,88389.12213732114,140421.27236425751
2025-01-17,187397.79973254207,104355.28611139886,155986.7457181904
2025-01-18,201193.82820895658,140647.2110964547,181520.49821546068
2025-01-19,146243.3507213186,112423.7995913992,105685.79622379573
2025-01-20,95352.4310444787,61689.804070836406,81018.26560369751
2025-01-21,180606.03123076423,143983.2123613475,135221.013684796
2025-01-22,175619.56224440833,112770.8053071418,146050.77625894916
2025-01-23,122283.79047258955,83490.56146570861,88640.1672632107
2025-01-24,86570.08086214324,63927.20726633872,65082.39655366375
2025-01-25,162209.7170452085,129402.5189270296,126816.87449378775
2025-01-26,178282.91552067138,112007.27559285135,152384.4996099842
2025-01-27,144365.14700320998,103346.10919763215,124676.66204199212
2025-01-28,185685.5507434379,139389.25830509578,136091.26683028648
2025-01-29,135844.3374180466,128859.72112245308,109224.81104443577
2025-01-30,97200.93385889994,65167.487973275114,70664.94853962823
2025-01-31,157203.3421027271,81172.20677955482,113177.62457542834
2025-02-01,145498.55526312726,74848.91398144657,114228.67370625811
2025-02-02,177450.0187541761,124394.62925726769,138875.18711878266
2025-02-03,67985.62400313129,53353.24347357794,78655.66406596027
2025-02-04,169858.93785219794,106988.96848713164,140216.74853536533
2025-02-05,169401.09407733777,126245.86857406906,121744.70025432784
2025-02-06,212550.68351065175,137676.56367617496,164392.806766812
2025-02-07,141633.86787507992,84208.17487159075,123520.92725435793
2025-02-08,222727.26017848804,132125.73046720127,199066.2358714897
2025-02-09,89591.67901368202,61063.17369552072,55813.510088566036
2025-02-10,197894.36875663843,134645.22917345184,139516.2511539203
2025-02-11,76563.64761466614,62748.86623319824,79960.56984545075
2025-02-12,118055.48650325788,89728.72905603673,98340.53097631535
2025-02-13,190064.72702890253,129729.53657795537,143368.85430435836
2025-02-14,104834.92423863962,64991.74273487738,89214.23025213605
2025-02-15,127659.40180956123,72925.13952326415,75770.04405748022
2025-02-16,167274.30624535307,122225.25683930663,133853.20006225407
2025-02-17,212859.2518611016,122003.65365460743,173565.61321731214
2025-02-18,165749.67291194323,114114.76328852974,141842.4397249329
2025-02-19,178664.92078309628,119394.84444671,132792.97710355165
2025-02-20,141464.43291918296,104272.44433475961,114028.41794937996
2025-02-21,64285.053630584065,75179.90589069527,42173.796643871385
2025-02-22,144535.30695280893,84569.59935039195,118182.08311899031
2025-02-23,116976.53546206253,68159.77168014257,84627.76514601978
2025-02-24,205641.03305767995,140845.0561333628,160431.81805454177
2025-02-25,163848.5835594155,108339.17947661204,121120.71289963013
2025-02-26,145446.49686862796,90085.14167636399,122868.55991313895
2025-02-27,113049.95340888905,96200.58036441327,99024.47389367789
2025-02-28,206511.4473948464,144728.33396118152,162862.95221630298
2025-03-01,113888.00405984856,65335.14031160802,91492.78319747915
2025-03-02,137848.68633913458,108622.98320167972,95793.03492497222
2025-03-03,156754.46047600248,100588.8678884466,122406.80190073412
2025-03-04,139586.49922272906,111145.42354346479,111167.1532077658
2025-03-05,87045.1272217966,51811.018382084054,95844.03268773704
2025-03-06,205105.75669567304,137212.39089441515,152964.9350987968
2025-03-07,182515.10605443167,143211.82824836124,160653.8572310697
2025-03-08,183064.76462752477,106513.3183589209,156420.3994366779
2025-03-09,164805.79204557286,119665.08238768922,134650.99768135964
2025-03-10,197169.8584363067,142249.93811772956,175322.09159099672
2025-03-11,185097.17909162867,120723.86343133987,151798.79799937157
2025-03-12,120853.60342571352,65253.90429142614,100574.4746972501
2025-03-13,141126.81764545402,107628.8360166813,112370.24758618778
2025-03-14,167240.8539543878,110671.50463828558,146028.37198769653
2025-03-15,147195.93070196934,92413.0671302386,128721.43689968431
2025-03-16,199328.7474889713,123644.42356247228,153206.22511621492
2025-03-17,218683.8833208967,143436.70147690148,161754.6347107297
2025-03-18,206494.72015434998,142556.85129067762,163165.9697495234
2025-03-19,126074.10129764542,95083.93714041321,92858.89539413988
2025-03-20,93708.58453704078,61323.80458407552,74331.62188347908
2025-03-21,201283.39960463808,148484.11989623346,173401.1010305519
2025-03-22,142407.70329699796,133889.8086445934,109353.14608673047
2025-03-23,102430.59826364338,62466.268120326684,81516.24479779897
2025-03-24,231204.97921432974,142084.18826173723,185544.21071954776
2025-03-25,158225.8055984825,136989.63620621283,135064.95330083885
2025-03-26,132631.09447471207,101883.80571260721,83635.98223992361
2025-03-27,176074.40058184337,109127.54357449293,134792.51751782172
2025-03-28,176000.31497475354,89900.27038701304,142913.08890259755
2025-03-29,83630.11997681286,55476.16388220313,78904.88554571889
2025-03-30,110719.52742230245,83519.7241645901,83656.59746277992
2025-03-31,191770.08846760492,130285.34485980115,134650.5437136652
2025-04-01,103192.33183365414,50463.20230046029,88750.97992658468
2025-04-02,112105.59217118092,83349.91716911441,83330.84984868845
2025-04-03,118741.46390563644,89816.86935909433,83096.50453360555
2025-04-04,145954.46999704777,103739.56029379228,110520.12210050598
2025-04-05,193911.77029673985,141985.56164127606,153284.1626608334
2025-04-06,129405.30547479009,84634.59943659612,97476.79773444995
2025-04-07,159536.54945382537,84695.32018962277,105573.57899206961
2025-04-08,192086.77267878287,123750.12481097484,162640.0801118976
2025-04-09,137785.62109094532,95221.7940889807,122977.24728554349
2025-04-10,102854.49806268643,72460.4822939982,88798.81836354421
2025-04-11,111602.11124597087,95243.95161326934,77904.83229252853
2025-04-12,113790.74859991316,64085.70203797999,89017.68354045536
2025-04-13,99901.30403567746,67638.69865062233,79855.83007624738
2025-04-14,146145.56763910947,99836.77727394798,122904.39800690669
2025-04-15,201700.9687825794,91892.54495045479,168044.17991324436
2025-04-16,218201.94332752874,141484.59010681,167219.81667423804
2025-04-17,114323.26386559127,86239.38991166331,92278.56665660863
2025-04-18,153561.10061759563,108058.83502780434,127421.68454022892
2025-04-19,192808.55737186468,113226.42879195305,168805.06911895942
2025-04-20,79229.57669900532,51309.44565883336,70428.7267574515
2025-04-21,145765.04623615925,116353.73720167106,124502.60386268259
2025-04-22,120089.97372196677,67803.59668697514,96910.24525686703
2025-04-23,205797.6659096384,146107.03174694552,178742.72417974577
2025-04-24,134765.36468731787,64866.2727753113,111909.91970944927
2025-04-25,158794.57987334655,91462.41237270238,118424.78479694155
2025-04-26,78856.01229862157,58534.96680786439,77118.50954014917
2025-04-27,250151.46501159435,149687.42518459473,207100.20473466578
2025-04-28,151686.36176023443,100219.50103312425,116918.64919690273
2025-04-29,181363.22610045096,109538.50173200437,140295.65120636832
2025-04-30,94756.1279541536,56707.647738842745,78770.65781473051
2025-05-01,170566.93746005918,124996.04703991777,141085.39792072322
2025-05-02,93614.84231798862,70990.55930955858,76864.79651070296
2025-05-03,230307.3597677303,139805.42894407138,187358.9745486131
2025-05-04,99075.43943017027,70513.96404820072,96259.92528990003
2025-05-05,95530.18883471005,69068.77206636666,87139.58259011689
2025-05-06,61379.99859022718,53654.96678480949,51010.354784831994
2025-05-07,154282.0230783691,97206.69451099992,132838.72427037012
2025-05-08,200976.66837425536,106484.11332626163,150456.09566412892
2025-05-09,63505.63762916738,56570.86394283523,54783.780602802
2025-05-10,191813.53163770674,127552.76166950105,171543.8888074965
2025-05-11,171237.73632051272,95328.88347480276,134809.73010248644
2025-05-12,152065.7125742227,102439.026932758,113176.23077318732
2025-05-13,150161.84796572887,94076.27469382281,113608.5894866525
2025-05-14,113866.58856836132,90076.3060875326,80196.94048126518
2025-05-15,167512.19164038566,105964.03313082179,126162.13423103151
2025-05-16,94543.1515895159,65524.02459307125,71929.44028571242
2025-05-17,122003.81948788793,68192.81304952712,83547.38539852394
2025-05-18,228015.56418332263,136178.56210135174,182568.63468615414
2025-05-19,268708.5921604172,144611.54621336327,223989.64546620022
2025-05-20,142589.06090623446,87330.9316279753,104993.68692351837
2025-05-21,122127.62730317641,77074.46731435538,112894.94107895881
2025-05-22,175487.6175173991,114399.95432390158,145498.01489919523
2025-05-23,129246.7998085007,90873.41710980964,113703.24570304115
2025-05-24,85577.63021828556,52538.635566034485,61883.75863610707
2025-05-25,92514.86140214796,65615.25973661903,82557.14139238452
2025-05-26,185765.0538525019,121597.22288473975,137692.7040780484
2025-05-27,200190.54199868187,115892.39419101513,169054.9086073106
2025-05-28,58933.54756992971,52709.59925034835,48865.23145387908
2025-05-29,131093.3955125233,72197.21619329494,110407.22860986649
2025-05-30,136003.520835008,73107.47965880713,97046.8706117579
2025-05-31,173422.5409999877,117189.27435987284,129787.3343772241
2025-06-01,35519.48268298272,51971.05377543641,34387.86832892003
2025-06-02,78459.84755579742,60410.85819845738,53284.39800239593
2025-06-03,220927.3037372006,129991.60853731894,181373.90591075172
2025-06-04,101324.33806217239,67854.46620543336,67388.09238513546
2025-06-05,152925.871531883,115274.61078518747,130822.43935217308
2025-06-06,100631.91873244462,73818.27810467264,68180.3018382706
2025-06-07,106728.60944399284,59944.13927593452,90905.8869319895
2025-06-08,122410.5000139457,74317.2190999454,104184.70934761658
2025-06-09,178561.39779495497,122226.69318556592,135881.40005166823
2025-06-10,196017.98197964914,135569.6468106286,162634.6512545666
2025-06-11,191697.8167041723,133021.98645669915,155962.67599667338
2025-06-12,116129.3257527982,89718.35296184549,87515.0420403112
2025-06-13,207520.28427498575,116808.51365706461,155930.68057922652
2025-06-14,99301.23492814635,70498.4295415821,59814.731025791305
2025-06-15,143315.3299556619,79314.77302610132,118148.76443752646
2025-06-16,239876.693816617,139633.58185211197,176253.32733967307
2025-06-17,96916.50648956961,51300.1923510736,78486.64718606877
2025-06-18,79193.87337380924,58550.85308544681,60720.61653822491
2025-06-19,114257.54007863627,70788.62551460273,98197.45981729098
2025-06-20,78495.91845325464,52653.220387381974,59776.27976770507
2025-06-21,84141.27804886703,68143.54350897972,64018.544575622705
2025-06-22,168943.41977988588,108304.15609696921,142473.44286679165
2025-06-23,114632.88676567866,92142.4550592498,95056.8897033841
2025-06-24,232654.34443077748,139267.17110769748,189285.03511644978
2025-06-25,188324.18831479826,131744.35617384408,155352.02654992387
2025-06-26,130295.79587213819,84181.7351697876,88880.9154656395
2025-06-27,119579.2724456167,75942.34334312925,103231.3047563632
2025-06-28,126775.7617510085,87969.2408167267,107545.29734094282
2025-06-29,175278.11740672664,109029.49425148078,130055.66263961633
2025-06-30,105711.47299098094,76806.36408228762,82128.37365604275
2025-07-01,186048.282126515,112414.89078491341,148445.5528249357
2025-07-02,109492.15422375109,90941.16521912404,86248.75553498355
2025-07-03,160334.66871872527,105204.71808519802,131606.33464066556
2025-07-04,179197.55935146322,93612.65291353167,157671.71529948243
2025-07-05,99163.23743917616,79446.57595419177,90148.25722806921
2025-07-06,203713.0966338265,144845.33069621568,149848.28537274714
2025-07-07,199819.02611714244,126360.57941597608,166075.92079677444
2025-07-08,99608.61200375984,64011.317576645255,92976.22279836197
2025-07-09,212282.79837015813,136846.7975897913,173694.32390301852
2025-07-10,157898.42234038032,98743.11982495137,137228.54212416394
2025-07-11,221877.26340534913,139455.22268940916,197624.51518128696
2025-07-12,217172.28523122176,129985.52559473152,183974.92364604722
2025-07-13,146978.39880895527,92521.35044692334,120075.80500358151
2025-07-14,73545.24315564676,52246.93083201174,69287.07926536494
2025-07-15,128753.07793179652,76867.7359384946,104451.34067640614
2025-07-16,194242.77089703435,104163.4214660867,155633.24715047702
2025-07-17,167369.05804627063,113347.82198261473,130381.10407987917
2025-07-18,94192.5667215675,75788.76854332023,90988.18696557509
2025-07-19,118045.02449666309,63935.60740728241,86251.73293791046
2025-07-20,197831.9122408229,133493.0236799299,173589.20703943947
2025-07-21,179206.9361852521,148440.21807035521,148364.19018560537
2025-07-22,170801.9608884113,102569.01823026859,122648.50696270962
2025-07-23,90045.32915816706,67167.92858483034,75712.75625644786
2025-07-24,114035.43333182213,77230.7326519369,70228.08158894147
2025-07-25,84398.2080935003,51839.06765474667,73773.64664311061
2025-07-26,215954.81457965617,141429.8806560499,181616.16649361487
2025-07-27,106851.69877630196,61775.10828901411,79557.79946452104
2025-07-28,152767.74391574116,107651.64755142535,123449.67209214874
2025-07-29,126370.39906660255,77405.5220687206,120637.8935907849
2025-07-30,152935.76682569066,105417.80025157935,117291.14641793317
2025-07-31,187489.2678705297,115142.03883518642,139402.33842585774
2025-08-01,211768.62023634132,132974.18037072016,184231.53021369906
2025-08-02,87254.41672319856,70642.12717606031,89429.4052838668
2025-08-03,98369.01662227273,51099.582865848046,78732.17001629666
2025-08-04,84813.57560804013,63688.56300688073,77965.49084051567
2025-08-05,226163.95224283863,140001.8641848105,194345.9209495797
2025-08-06,213429.25790240412,137389.00775625152,163318.56399653948
2025-08-07,201375.6388614487,109741.31021703083,156247.4527354803
2025-08-08,160608.20941761095,110051.68604336533,140795.31266563613
2025-08-09,167769.1652595744,116503.66745462555,151065.4749947446
2025-08-10,100917.29967576278,67537.12786234496,86362.64834235377
2025-08-11,206098.19623205846,141441.19459249597,156080.41345062625
2025-08-12,153814.41677265195,91877.0524892073,142922.14453511598
2025-08-13,100144.56706869285,88313.85282494975,74805.94467683464
2025-08-14,131764.00740949853,101891.77052828376,102059.82811588432
2025-08-15,60688.8365846744,54696.596677505506,51974.44761263573
2025-08-16,118948.65715288342,66628.33687560794,110700.52992945448
2025-08-17,219917.30991559406,123803.36164263704,184473.6076979975
2025-08-18,85330.81581801955,58279.86679251265,72413.30765803474
2025-08-19,162096.381956158,110315.21094663882,134309.99086610746
2025-08-20,113203.40971446178,74534.9109681321,90997.8744580041
2025-08-21,156631.90815846028,88929.56140419765,130886.92167195329
2025-08-22,99756.9978317935,78869.37367706999,54509.997488491776
2025-08-23,133118.2871244381,85567.27164649492,103528.5551088525
2025-08-24,202360.83837328543,121904.59051842455,164301.89004779616
2025-08-25,129590.14074227316,79712.1715623175,92161.97175762345
2025-08-26,163752.32837650945,106640.46402968973,134865.09587932317
2025-08-27,166428.4821812078,97605.04021990998,131098.07353510504
2025-08-28,120486.02894441248,116367.11653626482,113943.58013868489
2025-08-29,229081.96728933183,143682.97393247578,198995.77108361403
2025-08-30,171804.3009189891,123257.20972102504,132785.38504400966
2025-08-31,70628.39885148438,71494.03785907567,54994.34196552055
2025-09-01,89901.52224969232,53118.31350612847,71181.74214366994
2025-09-02,141812.7775482329,76226.4044299825,108933.62727699011
2025-09-03,161512.71931248438,109507.79307002548,131160.4252902688
2025-09-04,101771.36296669632,55142.58134842503,73834.26968448116
2025-09-05,181700.50223995835,99636.62472012363,134054.24844259143
2025-09-06,190824.71640921434,109684.28489168892,158886.88536637416
2025-09-07,157935.87420997198,83424.38908169608,132643.9952101957
2025-09-08,205479.3803833111,127091.22037458219,156340.34671004897
2025-09-09,92498.41074809762,60659.82531337718,82952.2829061041
2025-09-10,54231.35102242794,57513.778173580875,37069.30352628904
2025-09-11,179307.06366794152,122818.87562036034,145977.30331473303
2025-09-12,132458.76552460593,99549.13162061985,114170.45254580931
2025-09-13,221679.21381411667,118840.23964277361,177007.2454042562
2025-09-14,136706.3845419152,93482.73386037463,113912.51675494351
2025-09-15,114424.40112155574,74640.20332391068,86375.22445836887
2025-09-16,208895.05517193928,131910.23176741996,165151.37830327047
2025-09-17,195784.43077279595,129941.58789689792,154568.95030943336
2025-09-18,213105.49143677906,119469.64708544267,163018.6096840209
2025-09-19,103368.78334980537,77214.51372299627,80927.28504868648
2025-09-20,167426.74913510794,109023.06668690871,118455.21631944888
2025-09-21,114296.67282704308,86097.38969400269,86525.80079021341
2025-09-22,62336.860774581,59158.20733266341,47020.733685968095
2025-09-23,200361.6545012307,141731.35754622426,157727.52607603074
2025-09-24,94782.05869687597,63681.86309189614,73410.67249879299
2025-09-25,208949.55858277518,145023.73538208025,166542.00486761887
2025-09-26,128052.44634621627,94600.57729579558,107236.37225783366
